{
  "generator": "equilibrium",
  "mock": false,
  "n_refits": 41,
  "n_oos_days": 833,
  "mean_views_per_refit": 0.0,
  "mean_turnover_per_refit": 6.612939362771186e-15,
  "sharpe_ratio": 2.0373184002405247,
  "annualized_return": 0.22197863191803968,
  "annualized_volatility": 0.1009313580943571,
  "max_drawdown": -0.12160372256232355
}