{
  "generator": "llm-anthropic",
  "mock": false,
  "n_refits": 41,
  "n_oos_days": 833,
  "mean_views_per_refit": 13.024390243902438,
  "mean_turnover_per_refit": 0.4452393611425702,
  "sharpe_ratio": 2.284373933674933,
  "annualized_return": 0.35746130437804546,
  "annualized_volatility": 0.138035772085679,
  "max_drawdown": -0.09659145705454768
}