{
  "generator": "momentum",
  "mock": false,
  "n_refits": 3,
  "n_oos_days": 833,
  "mean_views_per_refit": 29.0,
  "mean_turnover_per_refit": 0.17244805391547424,
  "sharpe_ratio": 0.7113739049922067,
  "annualized_return": 0.1486486801974367,
  "annualized_volatility": 0.23312202627249146,
  "max_drawdown": -0.18918136360508123
}